<annotation>
  <folder>1</folder>
  <filename>1_1.jpg</filename>
  <source>
    <database>Unknown</database>
    <annotation>Unknown</annotation>
    <image>Unknown</image>
  </source>
  <size>
    <width>320</width>
    <height>454</height>
    <depth></depth>
  </size>
  <segmented>0</segmented>
  <object>
    <name>Bola</name>
    <truncated>0</truncated>
    <occluded>0</occluded>
    <difficult>0</difficult>
    <bndbox>
      <xmin>319.28</xmin>
      <ymin>131.37</ymin>
      <xmax>320.0</xmax>
      <ymax>197.29</ymax>
    </bndbox>
    <attributes>
      <attribute>
        <name>rotation</name>
        <value>0.0</value>
      </attribute>
    </attributes>
  </object>
  <object>
    <name>Partitura</name>
    <truncated>0</truncated>
    <occluded>0</occluded>
    <difficult>0</difficult>
    <bndbox>
      <xmin>15.5</xmin>
      <ymin>11.4</ymin>
      <xmax>308.49</xmax>
      <ymax>423.87</ymax>
    </bndbox>
    <attributes>
      <attribute>
        <name>rotation</name>
        <value>0.0</value>
      </attribute>
    </attributes>
  </object>
</annotation>
