<annotation>
  <folder>30</folder>
  <filename>30_1.jpg</filename>
  <source>
    <database>Unknown</database>
    <annotation>Unknown</annotation>
    <image>Unknown</image>
  </source>
  <size>
    <width>320</width>
    <height>454</height>
    <depth></depth>
  </size>
  <segmented>0</segmented>
  <object>
    <name>Partitura</name>
    <truncated>0</truncated>
    <occluded>0</occluded>
    <difficult>0</difficult>
    <bndbox>
      <xmin>16.84</xmin>
      <ymin>13.22</ymin>
      <xmax>303.58</xmax>
      <ymax>426.26</ymax>
    </bndbox>
    <attributes>
      <attribute>
        <name>rotation</name>
        <value>0.0</value>
      </attribute>
    </attributes>
  </object>
</annotation>
