<annotation>
  <folder>32</folder>
  <filename>32_1.jpg</filename>
  <source>
    <database>Unknown</database>
    <annotation>Unknown</annotation>
    <image>Unknown</image>
  </source>
  <size>
    <width>320</width>
    <height>454</height>
    <depth></depth>
  </size>
  <segmented>0</segmented>
  <object>
    <name>Partitura</name>
    <truncated>0</truncated>
    <occluded>0</occluded>
    <difficult>0</difficult>
    <bndbox>
      <xmin>1.82</xmin>
      <ymin>1.62</ymin>
      <xmax>319.28</xmax>
      <ymax>439.92</ymax>
    </bndbox>
    <attributes>
      <attribute>
        <name>rotation</name>
        <value>0.0</value>
      </attribute>
    </attributes>
  </object>
</annotation>
