<annotation>
  <folder>49</folder>
  <filename>49_1.jpg</filename>
  <source>
    <database>Unknown</database>
    <annotation>Unknown</annotation>
    <image>Unknown</image>
  </source>
  <size>
    <width>320</width>
    <height>454</height>
    <depth></depth>
  </size>
  <segmented>0</segmented>
  <object>
    <name>Texto</name>
    <truncated>0</truncated>
    <occluded>0</occluded>
    <difficult>0</difficult>
    <bndbox>
      <xmin>25.04</xmin>
      <ymin>58.97</ymin>
      <xmax>278.32</xmax>
      <ymax>424.9</ymax>
    </bndbox>
    <attributes>
      <attribute>
        <name>rotation</name>
        <value>0.0</value>
      </attribute>
    </attributes>
  </object>
</annotation>
